WordId,CategoryId,WordKey,DescriptionKey,Word_es-AR,Description_es-AR,Word_en,Description_en
argentine_celebrities.messi,argentine_celebrities,word.argentine_celebrities.messi.name,word.argentine_celebrities.messi.description,Messi,"Es un futbolista argentino, considerado uno de los mejores jugadores de la historia.",Messi,Argentine footballer widely regarded as one of the greatest players of all time.
argentine_celebrities.maradona,argentine_celebrities,word.argentine_celebrities.maradona.name,word.argentine_celebrities.maradona.description,Maradona,"Fue un futbolista argentino, campeón del mundo y una de las figuras más importantes del fútbol.",Maradona,Argentine World Cup champion and one of the most influential figures in football history.
argentine_celebrities.lali_esposito,argentine_celebrities,word.argentine_celebrities.lali_esposito.name,word.argentine_celebrities.lali_esposito.description,Lali Espósito,Es una cantante y actriz argentina conocida por su música pop y su carrera televisiva.,Lali Espósito,Argentine singer and actor known for pop music and a long television career.
argentine_celebrities.davo,argentine_celebrities,word.argentine_celebrities.davo.name,word.argentine_celebrities.davo.description,Davo,Es un streamer y creador de contenido argentino enfocado en fútbol y debates deportivos.,Davo,Argentine streamer and creator focused on football and heated sports debates.
argentine_celebrities.duki,argentine_celebrities,word.argentine_celebrities.duki.name,word.argentine_celebrities.duki.description,Duki,"Es un cantante argentino de trap y música urbana, referente de la escena local.",Duki,Argentine trap and urban-music artist who became a defining voice of the local scene.
argentine_celebrities.carito_muller,argentine_celebrities,word.argentine_celebrities.carito_muller.name,word.argentine_celebrities.carito_muller.description,Carito Müller,Es una influencer argentina conocida por su contenido en redes y apariciones mediáticas.,Carito Müller,Argentine influencer known for social-media content and media appearances.
argentine_celebrities.ricardo_darin,argentine_celebrities,word.argentine_celebrities.ricardo_darin.name,word.argentine_celebrities.ricardo_darin.description,Ricardo Darín,"Es un actor argentino reconocido por su trabajo en cine, teatro y televisión.",Ricardo Darín,"Argentine actor acclaimed for his work in film, theater, and television."
argentine_celebrities.guillermo_francella,argentine_celebrities,word.argentine_celebrities.guillermo_francella.name,word.argentine_celebrities.guillermo_francella.description,Guillermo Francella,Es un actor y comediante argentino conocido por sus personajes populares y películas exitosas.,Guillermo Francella,"Argentine actor and comedian known for hugely popular characters, films, and TV shows."
argentine_celebrities.susana_gimenez,argentine_celebrities,word.argentine_celebrities.susana_gimenez.name,word.argentine_celebrities.susana_gimenez.description,Susana Giménez,"Es una conductora y actriz argentina, figura histórica de la televisión nacional.",Susana Giménez,Legendary Argentine TV host and actor with decades at the center of national entertainment.
argentine_celebrities.mirtha_legrand,argentine_celebrities,word.argentine_celebrities.mirtha_legrand.name,word.argentine_celebrities.mirtha_legrand.description,Mirtha Legrand,"Es una actriz y conductora argentina, reconocida por sus clásicos programas de almuerzos.",Mirtha Legrand,Argentine actor and TV host famous for her iconic lunch-table interviews.
argentine_celebrities.trini_nucera,argentine_celebrities,word.argentine_celebrities.trini_nucera.name,word.argentine_celebrities.trini_nucera.description,Trini Nucera,Es una influencer argentina conocida por su presencia en redes y apariciones mediáticas.,Trini Nucera,Argentine influencer known for her social-media presence and public feuds.
argentine_celebrities.china_suarez,argentine_celebrities,word.argentine_celebrities.china_suarez.name,word.argentine_celebrities.china_suarez.description,China Suárez,"Es una actriz, cantante y modelo argentina conocida por su trabajo en televisión y música.",China Suárez,"Argentine actor, singer, and model known for television, music, and nonstop celebrity drama."
argentine_celebrities.pampita,argentine_celebrities,word.argentine_celebrities.pampita.name,word.argentine_celebrities.pampita.description,Pampita,"Es una modelo, conductora y bailarina argentina reconocida por su carrera en moda y televisión.",Pampita,"Argentine model, TV host, and dancer with a major career in fashion and entertainment."
argentine_celebrities.martin_cirio,argentine_celebrities,word.argentine_celebrities.martin_cirio.name,word.argentine_celebrities.martin_cirio.description,Martín Cirio,Es un influencer y comediante argentino conocido por su contenido de humor en internet.,Martín Cirio,Argentine influencer and comedian known for savage gossip and online humor.
argentine_celebrities.albere,argentine_celebrities,word.argentine_celebrities.albere.name,word.argentine_celebrities.albere.description,Albere,Es una influencer y creadora de contenido argentina conocida por su presencia en redes sociales.,Albere,Argentine influencer and content creator known for her social-media presence.
argentine_celebrities.wanda_nara,argentine_celebrities,word.argentine_celebrities.wanda_nara.name,word.argentine_celebrities.wanda_nara.description,Wanda Nara,Es una empresaria y personalidad mediática argentina conocida por su presencia en televisión y redes.,Wanda Nara,Argentine businesswoman and media personality who lives permanently in the celebrity spotlight.
argentine_celebrities.moria_casan,argentine_celebrities,word.argentine_celebrities.moria_casan.name,word.argentine_celebrities.moria_casan.description,Moria Casán,"Es una actriz, vedette y conductora argentina conocida por su estilo frontal y frases populares.",Moria Casán,"Argentine actor, showgirl, and host famous for her blunt style and meme-worthy lines."
argentine_celebrities.julian_alvarez,argentine_celebrities,word.argentine_celebrities.julian_alvarez.name,word.argentine_celebrities.julian_alvarez.description,Julián Álvarez,"Es un futbolista argentino, campeón del mundo y delantero de la Selección Argentina.",Julián Álvarez,Argentine World Cup champion and forward for the national team.
argentine_celebrities.angel_di_maria,argentine_celebrities,word.argentine_celebrities.angel_di_maria.name,word.argentine_celebrities.angel_di_maria.description,Ángel Di María,"Es un futbolista argentino, campeón del mundo y figura clave de la Selección Argentina.",Ángel Di María,Argentine World Cup champion and a decisive figure for the national team.
argentine_celebrities.bananero,argentine_celebrities,word.argentine_celebrities.bananero.name,word.argentine_celebrities.bananero.description,Bananero,Es un creador de contenido y humorista conocido por sus videos irreverentes en internet.,Bananero,"Uruguayan online comedian and creator famous for gloriously filthy, irreverent videos."
argentine_celebrities.ricardo_fort,argentine_celebrities,word.argentine_celebrities.ricardo_fort.name,word.argentine_celebrities.ricardo_fort.description,Ricardo Fort,Fue un empresario y mediático argentino conocido por su estilo extravagante y apariciones televisivas.,Ricardo Fort,"Flamboyant Argentine businessman and media personality remembered for luxury, Miami, and unforgettable TV moments."
global_celebrities.cristiano_ronaldo,global_celebrities,word.global_celebrities.cristiano_ronaldo.name,word.global_celebrities.cristiano_ronaldo.description,Cristiano Ronaldo,"Es un futbolista portugués, reconocido como uno de los mejores jugadores de la historia.",Cristiano Ronaldo,Portuguese footballer recognized as one of the greatest players in history.
global_celebrities.mia_khalifa,global_celebrities,word.global_celebrities.mia_khalifa.name,word.global_celebrities.mia_khalifa.description,Mia Khalifa,Es una personalidad de internet y ex actriz de cine para adultos conocida por su presencia mediática.,Mia Khalifa,Internet personality and former adult-film performer with a massive global profile.
global_celebrities.shakira,global_celebrities,word.global_celebrities.shakira.name,word.global_celebrities.shakira.description,Shakira,"Es una cantante colombiana reconocida mundialmente por su música, baile y trayectoria internacional.",Shakira,"Colombian singer known worldwide for her music, dancing, and unmistakable hips."
global_celebrities.bad_bunny,global_celebrities,word.global_celebrities.bad_bunny.name,word.global_celebrities.bad_bunny.description,Bad Bunny,"Es un cantante puertorriqueño de música urbana, reconocido por su impacto global en el género.",Bad Bunny,Puerto Rican urban-music artist whose sound and style became a global phenomenon.
global_celebrities.tom_holland,global_celebrities,word.global_celebrities.tom_holland.name,word.global_celebrities.tom_holland.description,Tom Holland,Es un actor británico conocido mundialmente por interpretar a Spider-Man en el cine.,Tom Holland,British actor best known worldwide for playing Spider-Man on film.
global_celebrities.ibai,global_celebrities,word.global_celebrities.ibai.name,word.global_celebrities.ibai.description,Ibai,"Es un streamer y presentador español conocido por sus transmisiones, eventos y contenido de entretenimiento.",Ibai,"Spanish streamer and host known for massive broadcasts, boxing events, and entertainment projects."
global_celebrities.elon_musk,global_celebrities,word.global_celebrities.elon_musk.name,word.global_celebrities.elon_musk.description,Elon Musk,"Es un empresario tecnológico conocido por su relación con empresas como Tesla, SpaceX y X.",Elon Musk,"Technology executive associated with Tesla, SpaceX, X, rockets, and endless controversy."
global_celebrities.jacob_elordi,global_celebrities,word.global_celebrities.jacob_elordi.name,word.global_celebrities.jacob_elordi.description,Jacob Elordi,Es un actor australiano conocido por sus papeles en series y películas juveniles.,Jacob Elordi,Australian actor known for leading roles in youth-focused films and television series.
global_celebrities.rubius,global_celebrities,word.global_celebrities.rubius.name,word.global_celebrities.rubius.description,Rubius,"Es un youtuber y streamer español, reconocido como una de las figuras más populares de internet en habla hispana.",Rubius,Spanish YouTuber and streamer who became one of the biggest names on the Spanish-speaking internet.
global_celebrities.justin_bieber,global_celebrities,word.global_celebrities.justin_bieber.name,word.global_celebrities.justin_bieber.description,Justin Bieber,Es un cantante canadiense de pop conocido mundialmente desde su adolescencia.,Justin Bieber,Canadian pop singer who became globally famous while still a teenager.
global_celebrities.german_garmendia,global_celebrities,word.global_celebrities.german_garmendia.name,word.global_celebrities.german_garmendia.description,Germán Garmendia,"Es un youtuber, escritor y músico chileno conocido por su contenido de humor.",Germán Garmendia,"Chilean YouTuber, writer, and musician known for online comedy."
global_celebrities.lady_gaga,global_celebrities,word.global_celebrities.lady_gaga.name,word.global_celebrities.lady_gaga.description,Lady Gaga,"Es una cantante y actriz estadounidense reconocida por su música pop, estilo visual y actuaciones.",Lady Gaga,"American singer and actor celebrated for pop music, bold visuals, and dramatic performances."
global_celebrities.brad_pitt,global_celebrities,word.global_celebrities.brad_pitt.name,word.global_celebrities.brad_pitt.description,Brad Pitt,Es un actor y productor estadounidense reconocido por su trayectoria en cine internacional.,Brad Pitt,American actor and producer with a long career in internationally successful films.
global_celebrities.mrbeast,global_celebrities,word.global_celebrities.mrbeast.name,word.global_celebrities.mrbeast.description,MrBeast,"Es un creador de contenido estadounidense conocido por sus videos de desafíos, premios y grandes producciones.",MrBeast,"American creator known for huge challenges, cash prizes, and absurdly expensive productions."
global_celebrities.ed_sheeran,global_celebrities,word.global_celebrities.ed_sheeran.name,word.global_celebrities.ed_sheeran.description,Ed Sheeran,Es un cantante y compositor británico conocido por sus canciones pop y baladas acústicas.,Ed Sheeran,"British singer-songwriter known for pop songs, acoustic ballads, and bright red hair."
countries.argentina,countries,word.countries.argentina.name,word.countries.argentina.description,Argentina,"País sudamericano conocido por el mate, el tango, el fútbol y paisajes que van de la Puna a la Patagonia.",Argentina,"South American country known for mate, tango, football, and landscapes stretching from the Andes to Patagonia."
countries.brasil,countries,word.countries.brasil.name,word.countries.brasil.description,Brasil,"El país más grande de Sudamérica, famoso por el carnaval, el fútbol, la Amazonia y sus playas.",Brazil,"The largest country in South America, famous for Carnival, football, the Amazon, and its beaches."
countries.chile,countries,word.countries.chile.name,word.countries.chile.description,Chile,País largo y angosto entre la cordillera de los Andes y el océano Pacífico.,Chile,"Long, narrow South American country tucked between the Andes and the Pacific Ocean."
countries.uruguay,countries,word.countries.uruguay.name,word.countries.uruguay.description,Uruguay,"País rioplatense conocido por el mate, sus playas, el fútbol y una vida bastante tranquila.",Uruguay,"Small South American country known for mate, beaches, football, and a famously relaxed pace of life."
countries.paraguay,countries,word.countries.paraguay.name,word.countries.paraguay.description,Paraguay,País sudamericano bilingüe donde conviven el español y el guaraní.,Paraguay,Bilingual South American country where Spanish and Guaraní are both widely spoken.
countries.bolivia,countries,word.countries.bolivia.name,word.countries.bolivia.description,Bolivia,"País andino sin salida al mar, conocido por su altura, el altiplano y el Salar de Uyuni.",Bolivia,"Landlocked Andean country known for high-altitude cities, the Altiplano, and the Uyuni salt flats."
countries.peru,countries,word.countries.peru.name,word.countries.peru.description,Perú,"País andino célebre por Machu Picchu, la cultura inca y una gastronomía reconocida en todo el mundo.",Peru,"Andean country celebrated for Machu Picchu, Inca history, and world-renowned food."
countries.colombia,countries,word.countries.colombia.name,word.countries.colombia.description,Colombia,"País sudamericano conocido por su diversidad, café, música y una enorme variedad de acentos.",Colombia,"South American country known for biodiversity, coffee, music, and a huge variety of accents."
countries.mexico,countries,word.countries.mexico.name,word.countries.mexico.description,México,"País norteamericano con una cultura enorme, gastronomía picante y tradiciones reconocidas en todo el mundo.",Mexico,"North American country with an enormous cultural legacy, spicy food, and traditions recognized worldwide."
countries.estados_unidos,countries,word.countries.estados_unidos.name,word.countries.estados_unidos.description,Estados Unidos,País federal de Norteamérica identificado por sus cincuenta estados y su enorme influencia cultural y económica.,United States,"North American federation of fifty states with enormous cultural, political, and economic influence."
countries.canada,countries,word.countries.canada.name,word.countries.canada.description,Canadá,"País norteamericano conocido por sus bosques, lagos, inviernos fríos y la hoja de arce.",Canada,"North American country known for forests, lakes, cold winters, and the maple leaf."
countries.espana,countries,word.countries.espana.name,word.countries.espana.description,España,"País europeo conocido por su diversidad regional, su historia, el flamenco y una intensa vida cultural.",Spain,"European country known for strong regional identities, deep history, flamenco, and lively culture."
countries.francia,countries,word.countries.francia.name,word.countries.francia.description,Francia,"País europeo asociado con París, la Torre Eiffel, la moda y una gastronomía influyente.",France,"European country associated with Paris, the Eiffel Tower, fashion, and influential cuisine."
countries.italia,countries,word.countries.italia.name,word.countries.italia.description,Italia,"País mediterráneo famoso por su historia, arte, costas y platos como la pasta y la pizza.",Italy,"Mediterranean country famous for history, art, coastline, pasta, and pizza."
countries.alemania,countries,word.countries.alemania.name,word.countries.alemania.description,Alemania,"País de Europa central reconocido por su ingeniería, industria automotriz y compleja historia moderna.",Germany,"Central European country recognized for engineering, the auto industry, and a complex modern history."
countries.japon,countries,word.countries.japon.name,word.countries.japon.description,Japón,"País insular de Asia oriental donde conviven tradiciones antiguas, tecnología, anime y cultura pop.",Japan,"East Asian island nation blending ancient traditions, technology, anime, and global pop culture."
countries.china,countries,word.countries.china.name,word.countries.china.description,China,"País de Asia oriental con una historia milenaria, una población enorme y monumentos como la Gran Muralla.",China,"East Asian country with ancient history, a vast population, and landmarks such as the Great Wall."
countries.australia,countries,word.countries.australia.name,word.countries.australia.description,Australia,"País y continente conocido por fauna única, playas inmensas, arrecifes y paisajes desérticos.",Australia,"Country and continent known for unique wildlife, vast beaches, reefs, and desert landscapes."
countries.egipto,countries,word.countries.egipto.name,word.countries.egipto.description,Egipto,País del noreste de África atravesado por el Nilo y famoso por sus pirámides y civilización antigua.,Egypt,Northeast African country shaped by the Nile and famous for pyramids and ancient civilization.
countries.sudafrica,countries,word.countries.sudafrica.name,word.countries.sudafrica.description,Sudáfrica,"País del extremo sur de África conocido por su diversidad cultural, ciudades costeras y grandes reservas naturales.",South Africa,"Country at Africa’s southern tip known for cultural diversity, coastal cities, and major wildlife reserves."
foods.pizza,foods,word.foods.pizza.name,word.foods.pizza.description,Pizza,"Masa horneada cubierta con salsa, queso y una cantidad casi infinita de ingredientes posibles.",Pizza,"Baked dough topped with sauce, cheese, and an almost endless range of possible ingredients."
foods.hamburguesa,foods,word.foods.hamburguesa.name,word.foods.hamburguesa.description,Hamburguesa,"Medallón de carne o vegetales servido en pan y acompañado con salsas, queso y otros agregados.",Burger,"Meat or vegetable patty served in a bun with sauces, cheese, and other toppings."
foods.empanada,foods,word.foods.empanada.name,word.foods.empanada.description,Empanada,"Masa rellena y cerrada que se cocina al horno o frita, con versiones distintas en toda Latinoamérica.",Empanada,"Filled pastry baked or fried, with countless regional versions across Latin America."
foods.milanesa,foods,word.foods.milanesa.name,word.foods.milanesa.description,Milanesa,"Filete empanado y cocido al horno o frito, un clásico absoluto de las mesas argentinas.",Milanesa,"Breaded cutlet, baked or fried, and an absolute classic of Argentine home cooking."
foods.asado,foods,word.foods.asado.name,word.foods.asado.description,Asado,"Carne y otros alimentos cocinados lentamente a la parrilla, ritual social argentino por excelencia.",Argentine barbecue,"Meat and other foods slowly grilled over fire, Argentina’s ultimate social food ritual."
foods.sushi,foods,word.foods.sushi.name,word.foods.sushi.description,Sushi,"Preparación japonesa de arroz sazonado combinado con pescado, mariscos, vegetales u otros ingredientes.",Sushi,"Japanese preparation of seasoned rice combined with fish, seafood, vegetables, or other ingredients."
foods.taco,foods,word.foods.taco.name,word.foods.taco.description,Taco,"Tortilla doblada alrededor de un relleno, acompañada con salsas y guarniciones.",Taco,Folded tortilla wrapped around a filling and finished with sauces and toppings.
foods.pasta,foods,word.foods.pasta.name,word.foods.pasta.description,Pasta,"Alimento hecho principalmente con harina y agua, servido en numerosas formas y con distintas salsas.",Pasta,"Food made mainly from flour and water, served in many shapes with countless sauces."
foods.ravioles,foods,word.foods.ravioles.name,word.foods.ravioles.description,Ravioles,"Pasta rellena en forma de pequeños cuadrados o círculos, normalmente servida con salsa.",Ravioli,Stuffed pasta shaped into small squares or circles and usually served with sauce.
foods.noquis,foods,word.foods.noquis.name,word.foods.noquis.description,Ñoquis,"Pequeñas piezas de masa, generalmente de papa, populares en Argentina cada día 29.",Gnocchi,"Small potato-based dumplings, traditionally eaten in Argentina on the 29th of each month."
foods.helado,foods,word.foods.helado.name,word.foods.helado.description,Helado,Postre congelado y cremoso disponible en sabores que pueden dividir familias enteras.,Ice cream,"Cold, creamy dessert available in enough flavors to start a family argument."
foods.torta,foods,word.foods.torta.name,word.foods.torta.description,Torta,"Preparación dulce horneada, habitual en cumpleaños y celebraciones, que suele llevar velas.",Cake,Sweet baked dessert commonly served with candles at birthdays and celebrations.
foods.pancho,foods,word.foods.pancho.name,word.foods.pancho.description,Pancho,Salchicha caliente servida en un pan alargado y acompañada con salsas o toppings.,Hot dog,Hot sausage served in a long bun with sauces and toppings.
foods.lomito,foods,word.foods.lomito.name,word.foods.lomito.description,Lomito,"Sándwich argentino de carne vacuna con vegetales, queso, huevo y distintos aderezos.",Steak sandwich,"Argentine steak sandwich often loaded with vegetables, cheese, egg, and sauces."
foods.choripan,foods,word.foods.choripan.name,word.foods.choripan.description,Choripán,"Chorizo a la parrilla dentro de un pan, idealmente con chimichurri y cero delicadeza.",Choripán,"Grilled chorizo in a crusty roll, ideally drowned in chimichurri and eaten without dignity."
foods.ensalada,foods,word.foods.ensalada.name,word.foods.ensalada.description,Ensalada,Mezcla de vegetales u otros ingredientes servida fría o tibia y normalmente condimentada.,Salad,Mix of vegetables or other ingredients served cold or warm and usually dressed.
foods.pollo_frito,foods,word.foods.pollo_frito.name,word.foods.pollo_frito.description,Pollo frito,Piezas de pollo rebozadas y fritas hasta quedar doradas y crocantes.,Fried chicken,Chicken pieces coated and fried until golden and crispy.
foods.papas_fritas,foods,word.foods.papas_fritas.name,word.foods.papas_fritas.description,Papas fritas,"Papas cortadas y fritas hasta quedar doradas, crocantes por fuera y tiernas por dentro.",French fries,"Potatoes cut and fried until golden, crisp outside, and soft inside."
foods.arroz,foods,word.foods.arroz.name,word.foods.arroz.description,Arroz,"Cereal básico en cocinas de todo el mundo, preparado solo o como parte de innumerables platos.",Rice,"Staple grain used in cuisines worldwide, served alone or as the base of countless dishes."
foods.lasana,foods,word.foods.lasana.name,word.foods.lasana.description,Lasaña,"Plato de capas de pasta, salsa, queso y relleno que se cocina al horno.",Lasagna,"Baked dish made from layers of pasta, sauce, cheese, and filling."
objects.celular,objects,word.objects.celular.name,word.objects.celular.description,Celular,"Dispositivo portátil para comunicarse, navegar, sacar fotos y perder horas mirando la pantalla.",Cell phone,"Portable device used to communicate, browse, take photos, and lose hours staring at a screen."
objects.computadora,objects,word.objects.computadora.name,word.objects.computadora.description,Computadora,"Máquina electrónica capaz de ejecutar programas, procesar información y sostener buena parte de la vida digital.",Computer,"Electronic machine that runs software, processes information, and holds together much of modern digital life."
objects.teclado,objects,word.objects.teclado.name,word.objects.teclado.description,Teclado,Conjunto de teclas usado para escribir y controlar una computadora u otro dispositivo.,Keyboard,Set of keys used to type and control a computer or other device.
objects.mouse,objects,word.objects.mouse.name,word.objects.mouse.description,Mouse,Dispositivo apuntador que mueve el cursor y permite interactuar con una interfaz gráfica.,Mouse,Pointing device used to move a cursor and interact with a graphical interface.
objects.monitor,objects,word.objects.monitor.name,word.objects.monitor.description,Monitor,Pantalla que muestra imágenes y datos generados por una computadora.,Monitor,Screen that displays images and information produced by a computer.
objects.mesa,objects,word.objects.mesa.name,word.objects.mesa.description,Mesa,"Mueble de superficie plana sostenida por patas o una base, usado para comer, trabajar o apoyar cosas.",Table,"Flat-topped piece of furniture used for eating, working, or holding things."
objects.silla,objects,word.objects.silla.name,word.objects.silla.description,Silla,"Asiento individual con respaldo, diseñado para sostener a una persona sentada.",Chair,"Single-person seat with a back, designed to support someone sitting down."
objects.botella,objects,word.objects.botella.name,word.objects.botella.description,Botella,Recipiente de cuello angosto usado para guardar y transportar líquidos.,Bottle,Narrow-necked container used to store and carry liquids.
objects.vaso,objects,word.objects.vaso.name,word.objects.vaso.description,Vaso,Recipiente sin asa utilizado principalmente para beber líquidos.,Glass,Handleless container mainly used for drinking liquids.
objects.plato,objects,word.objects.plato.name,word.objects.plato.description,Plato,Pieza de vajilla plana o poco profunda donde se sirve la comida.,Plate,Flat or shallow piece of tableware used to serve food.
objects.cuchara,objects,word.objects.cuchara.name,word.objects.cuchara.description,Cuchara,"Utensilio con una pequeña cavidad, ideal para líquidos, cereales y postres.",Spoon,"Utensil with a small bowl, ideal for liquids, cereal, and desserts."
objects.tenedor,objects,word.objects.tenedor.name,word.objects.tenedor.description,Tenedor,Utensilio con dientes o puntas usado para pinchar y sostener alimentos.,Fork,Utensil with prongs used to spear and hold food.
objects.cuchillo,objects,word.objects.cuchillo.name,word.objects.cuchillo.description,Cuchillo,"Herramienta de hoja afilada utilizada para cortar alimentos, materiales y, en malas manos, problemas.",Knife,"Sharp-bladed tool used to cut food, materials, and—in the wrong hands—cause serious trouble."
objects.mochila,objects,word.objects.mochila.name,word.objects.mochila.description,Mochila,Bolso con correas que se lleva sobre la espalda para transportar objetos.,Backpack,Bag worn on the back with shoulder straps for carrying belongings.
objects.libro,objects,word.objects.libro.name,word.objects.libro.description,Libro,Conjunto de páginas impresas o digitales que contiene una obra escrita o ilustrada.,Book,Collection of printed or digital pages containing a written or illustrated work.
objects.lapiz,objects,word.objects.lapiz.name,word.objects.lapiz.description,Lápiz,Instrumento de escritura y dibujo con una mina de grafito que puede borrarse.,Pencil,Writing and drawing tool with an erasable graphite core.
objects.lapicera,objects,word.objects.lapicera.name,word.objects.lapicera.description,Lapicera,Instrumento que deposita tinta sobre una superficie para escribir o dibujar.,Pen,Instrument that places ink on a surface for writing or drawing.
objects.cuaderno,objects,word.objects.cuaderno.name,word.objects.cuaderno.description,Cuaderno,"Conjunto de hojas encuadernadas usado para escribir, dibujar o tomar apuntes.",Notebook,"Bound set of pages used for writing, drawing, or taking notes."
objects.auriculares,objects,word.objects.auriculares.name,word.objects.auriculares.description,Auriculares,Dispositivo que reproduce sonido directamente sobre o dentro de los oídos.,Headphones,Device that plays audio directly over or inside the ears.
objects.control_remoto,objects,word.objects.control_remoto.name,word.objects.control_remoto.description,Control remoto,"Dispositivo que permite manejar un aparato a distancia, hasta que desaparece entre los almohadones.",Remote control,Device used to operate electronics from a distance until it vanishes between the couch cushions.
objects.televisor,objects,word.objects.televisor.name,word.objects.televisor.description,Televisor,"Pantalla y receptor usados para ver programas, películas, noticias y videojuegos.",TV,"Screen and receiver used to watch shows, movies, news, and games."
objects.lampara,objects,word.objects.lampara.name,word.objects.lampara.description,Lámpara,Objeto que produce o dirige luz para iluminar un espacio.,Lamp,Object that produces or directs light to illuminate a space.
objects.cama,objects,word.objects.cama.name,word.objects.cama.description,Cama,"Mueble preparado para dormir, descansar y realizar actividades que no siempre implican descansar.",Bed,"Furniture designed for sleep, rest, and activities that do not always involve resting."
objects.almohada,objects,word.objects.almohada.name,word.objects.almohada.description,Almohada,Cojín blando que sostiene la cabeza y el cuello al dormir.,Pillow,Soft cushion that supports the head and neck while sleeping.
objects.reloj,objects,word.objects.reloj.name,word.objects.reloj.description,Reloj,"Instrumento que mide y muestra la hora, usado en paredes, mesas o muñecas.",Watch,"Instrument that measures and displays time on walls, desks, or wrists."
objects.billetera,objects,word.objects.billetera.name,word.objects.billetera.description,Billetera,"Accesorio para guardar dinero, tarjetas y documentos personales.",Wallet,"Accessory used to carry cash, cards, and personal documents."
objects.llaves,objects,word.objects.llaves.name,word.objects.llaves.description,Llaves,Piezas que abren cerraduras y que siempre aparecen cinco minutos después de necesitarlas.,Keys,Objects used to open locks and reliably found five minutes after you needed them.
objects.paraguas,objects,word.objects.paraguas.name,word.objects.paraguas.description,Paraguas,Estructura plegable de tela que protege de la lluvia o del sol.,Umbrella,Foldable fabric canopy used for protection from rain or sun.
objects.zapatilla,objects,word.objects.zapatilla.name,word.objects.zapatilla.description,Zapatilla,Accesorio eléctrico con varios enchufes que permite alimentar varios dispositivos desde una toma.,Power strip,Electrical power strip that lets several devices share one wall outlet.
objects.campera,objects,word.objects.campera.name,word.objects.campera.description,Campera,Prenda exterior que cubre el torso y los brazos para proteger del frío o la lluvia.,Jacket,Outer garment covering the torso and arms for protection from cold or rain.
objects.gorra,objects,word.objects.gorra.name,word.objects.gorra.description,Gorra,Sombrero blando con visera utilizado como protección o accesorio de vestir.,Cap,"Soft hat with a brim, worn for shade or style."
objects.espejo,objects,word.objects.espejo.name,word.objects.espejo.description,Espejo,Superficie reflectante que devuelve una imagen y a veces demasiada realidad.,Mirror,Reflective surface that returns an image and occasionally far too much reality.
objects.cepillo,objects,word.objects.cepillo.name,word.objects.cepillo.description,Cepillo,"Herramienta con cerdas usada para limpiar, ordenar o aplicar materiales.",Brush,"Bristled tool used for cleaning, grooming, or applying materials."
objects.toalla,objects,word.objects.toalla.name,word.objects.toalla.description,Toalla,Pieza absorbente de tela utilizada para secar el cuerpo u otras superficies.,Towel,Absorbent piece of fabric used to dry the body or other surfaces.
objects.jabon,objects,word.objects.jabon.name,word.objects.jabon.description,Jabón,"Producto que, mezclado con agua, ayuda a limpiar la piel, la ropa u objetos.",Soap,"Product that combines with water to clean skin, clothing, or objects."
objects.shampoo,objects,word.objects.shampoo.name,word.objects.shampoo.description,Shampoo,Producto líquido o cremoso utilizado para lavar el cabello y el cuero cabelludo.,Shampoo,Liquid or creamy product used to wash hair and scalp.
objects.ventilador,objects,word.objects.ventilador.name,word.objects.ventilador.description,Ventilador,Aparato con aspas que mueve aire para refrescar o ventilar un ambiente.,Fan,Bladed appliance that moves air to cool or ventilate a room.
objects.heladera,objects,word.objects.heladera.name,word.objects.heladera.description,Heladera,Electrodoméstico que mantiene alimentos y bebidas a baja temperatura.,Fridge,Appliance that keeps food and drinks at a low temperature.
objects.microondas,objects,word.objects.microondas.name,word.objects.microondas.description,Microondas,Electrodoméstico que calienta alimentos rápidamente mediante ondas electromagnéticas.,Microwave,Appliance that quickly heats food using electromagnetic waves.
objects.horno,objects,word.objects.horno.name,word.objects.horno.description,Horno,Compartimento cerrado que cocina alimentos mediante calor controlado.,Oven,Enclosed chamber that cooks food with controlled heat.
objects.sarten,objects,word.objects.sarten.name,word.objects.sarten.description,Sartén,"Recipiente bajo con mango utilizado para freír, saltear o cocinar alimentos sobre fuego.",Frying pan,"Shallow handled pan used to fry, sauté, or cook food over heat."
objects.olla,objects,word.objects.olla.name,word.objects.olla.description,Olla,"Recipiente profundo utilizado para hervir, guisar o cocinar alimentos.",Pot,"Deep cooking vessel used for boiling, stewing, and preparing food."
objects.tijera,objects,word.objects.tijera.name,word.objects.tijera.description,Tijera,"Herramienta de dos hojas articuladas usada para cortar papel, tela y otros materiales.",Scissors,"Two-bladed hinged tool used to cut paper, fabric, and other materials."
objects.cinta,objects,word.objects.cinta.name,word.objects.cinta.description,Cinta,"Tira flexible de material utilizada para unir, envolver, marcar o decorar.",Tape,"Flexible strip used to fasten, wrap, mark, or decorate."
objects.caja,objects,word.objects.caja.name,word.objects.caja.description,Caja,"Recipiente rígido utilizado para guardar, proteger o transportar objetos.",Box,"Rigid container used to store, protect, or transport objects."
objects.bolsa,objects,word.objects.bolsa.name,word.objects.bolsa.description,Bolsa,Contenedor flexible y liviano utilizado para llevar o guardar cosas.,Bag,Lightweight flexible container used to carry or store things.
objects.pelota,objects,word.objects.pelota.name,word.objects.pelota.description,Pelota,Objeto generalmente redondo utilizado en una enorme variedad de juegos y deportes.,Ball,Usually round object used in a huge range of games and sports.
objects.bicicleta,objects,word.objects.bicicleta.name,word.objects.bicicleta.description,Bicicleta,Vehículo de dos ruedas impulsado mediante pedales.,Bicycle,Two-wheeled vehicle powered by pedals.
objects.cargador,objects,word.objects.cargador.name,word.objects.cargador.description,Cargador,Dispositivo que suministra energía eléctrica para recargar una batería.,Charger,Device that supplies electrical power to recharge a battery.
objects.pendrive,objects,word.objects.pendrive.name,word.objects.pendrive.description,Pendrive,Pequeño dispositivo USB usado para guardar y transportar archivos digitales.,USB drive,Small USB device used to store and carry digital files.
video_games.minecraft,video_games,word.video_games.minecraft.name,word.video_games.minecraft.description,Minecraft,"Videojuego de mundo abierto donde los jugadores exploran, construyen y sobreviven usando bloques.",Minecraft,"Open-world game where players explore, build, and survive in worlds made of blocks."
video_games.fortnite,video_games,word.video_games.fortnite.name,word.video_games.fortnite.description,Fortnite,Videojuego multijugador de acción y supervivencia conocido por su modo battle royale y construcción.,Fortnite,"Multiplayer action game famous for battle royale, building, and a flood of crossover characters."
video_games.roblox,video_games,word.video_games.roblox.name,word.video_games.roblox.description,Roblox,"Plataforma donde usuarios crean, comparten y juegan experiencias interactivas.",Roblox,"Platform where users create, share, and play an enormous variety of interactive experiences."
video_games.among_us,video_games,word.video_games.among_us.name,word.video_games.among_us.description,Among Us,Juego social de deducción donde tripulantes intentan descubrir impostores.,Among Us,Social-deduction game where crewmates try to expose the impostors among them.
video_games.gta,video_games,word.video_games.gta.name,word.video_games.gta.description,GTA,"Saga de videojuegos de mundo abierto centrada en crimen, conducción y exploración urbana.",GTA,"Open-world crime series built around driving, weapons, missions, and urban chaos."
video_games.the_sims,video_games,word.video_games.the_sims.name,word.video_games.the_sims.description,The Sims,"Saga de simulación social donde se crean personajes, casas y rutinas de vida.",The Sims,"Life-simulation series where players create people, homes, relationships, and daily routines."
video_games.fifa,video_games,word.video_games.fifa.name,word.video_games.fifa.description,FIFA,"Saga de videojuegos de fútbol con equipos, jugadores y competiciones oficiales.",FIFA,"Football-game series featuring real teams, players, stadiums, and competitions."
video_games.call_of_duty,video_games,word.video_games.call_of_duty.name,word.video_games.call_of_duty.description,Call of Duty,Saga de videojuegos de disparos en primera persona con temática bélica y multijugador.,Call of Duty,"First-person shooter series built around warfare, cinematic campaigns, and competitive multiplayer."
video_games.valorant,video_games,word.video_games.valorant.name,word.video_games.valorant.description,Valorant,Shooter táctico competitivo donde personajes con habilidades luchan por objetivos.,Valorant,Competitive tactical shooter where agents use unique abilities to fight over objectives.
video_games.league_of_legends,video_games,word.video_games.league_of_legends.name,word.video_games.league_of_legends.description,League of Legends,MOBA competitivo donde equipos intentan destruir la base rival.,League of Legends,Team-based MOBA where champions battle across lanes to destroy the enemy base.
video_games.counter_strike,video_games,word.video_games.counter_strike.name,word.video_games.counter_strike.description,Counter-Strike,Shooter táctico competitivo basado en rondas entre terroristas y antiterroristas.,Counter-Strike,Round-based tactical shooter pitting terrorists against counter-terrorists.
video_games.fall_guys,video_games,word.video_games.fall_guys.name,word.video_games.fall_guys.description,Fall Guys,Juego multijugador de obstáculos donde personajes compiten en pruebas eliminatorias.,Fall Guys,Colorful multiplayer obstacle game where clumsy contestants race through elimination rounds.
video_games.mario_kart,video_games,word.video_games.mario_kart.name,word.video_games.mario_kart.description,Mario Kart,Saga de carreras arcade con personajes de Nintendo y objetos especiales.,Mario Kart,"Arcade racing series featuring Nintendo characters, wild tracks, and friendship-destroying items."
video_games.zelda,video_games,word.video_games.zelda.name,word.video_games.zelda.description,Zelda,Saga de aventuras y acción protagonizada principalmente por Link en mundos de fantasía.,Zelda,Fantasy action-adventure series usually starring Link on a quest to save Hyrule.
video_games.pokemon,video_games,word.video_games.pokemon.name,word.video_games.pokemon.description,Pokémon,"Franquicia de videojuegos donde se capturan, entrenan y combaten criaturas.",Pokémon,"Game franchise about catching, training, trading, and battling fantastic creatures."
video_games.resident_evil,video_games,word.video_games.resident_evil.name,word.video_games.resident_evil.description,Resident Evil,"Saga de terror y acción centrada en brotes, monstruos y supervivencia.",Resident Evil,"Horror-action series centered on outbreaks, monsters, conspiracies, and survival."
video_games.silent_hill,video_games,word.video_games.silent_hill.name,word.video_games.silent_hill.description,Silent Hill,Saga de terror psicológico conocida por su atmósfera opresiva y simbolismo.,Silent Hill,"Psychological-horror series known for oppressive fog, disturbing creatures, and symbolism."
video_games.elden_ring,video_games,word.video_games.elden_ring.name,word.video_games.elden_ring.description,Elden Ring,RPG de acción en mundo abierto con combate desafiante y fantasía oscura.,Elden Ring,"Open-world action RPG known for brutal combat, dark fantasy, and colossal bosses."
video_games.god_of_war,video_games,word.video_games.god_of_war.name,word.video_games.god_of_war.description,God of War,"Saga de acción protagonizada por Kratos, con combates basados en mitologías.",God of War,Action series starring Kratos and drawing its battles from ancient mythologies.
video_games.the_last_of_us,video_games,word.video_games.the_last_of_us.name,word.video_games.the_last_of_us.description,The Last of Us,Saga de acción narrativa ambientada en un mundo postapocalíptico con infectados.,The Last of Us,Narrative action series set in a devastated world overrun by infected humans.
animals.perro,animals,word.animals.perro.name,word.animals.perro.description,Perro,"Mamífero doméstico conocido por su lealtad, olfato y capacidad para ladrar a absolutamente nada.",Dog,"Domestic mammal known for loyalty, smell, and barking at absolutely nothing."
animals.gato,animals,word.animals.gato.name,word.animals.gato.description,Gato,"Felino doméstico ágil e independiente, famoso por maullar y actuar como dueño de la casa.",Cat,"Agile, independent house cat famous for meowing and behaving like it owns the place."
animals.leon,animals,word.animals.leon.name,word.animals.leon.description,León,Gran felino africano cuyo macho suele tener una melena muy característica.,Lion,Large African cat whose males usually have a distinctive mane.
animals.tigre,animals,word.animals.tigre.name,word.animals.tigre.description,Tigre,Gran felino asiático de pelaje anaranjado con rayas negras.,Tiger,Large Asian cat with orange fur and black stripes.
animals.elefante,animals,word.animals.elefante.name,word.animals.elefante.description,Elefante,"Mamífero terrestre enorme, de grandes orejas y una trompa larga y flexible.",Elephant,Enormous land mammal with large ears and a long flexible trunk.
animals.jirafa,animals,word.animals.jirafa.name,word.animals.jirafa.description,Jirafa,Mamífero africano reconocido por su cuello extraordinariamente largo.,Giraffe,African mammal recognized by its extraordinarily long neck.
animals.mono,animals,word.animals.mono.name,word.animals.mono.description,Mono,"Primate ágil e inteligente, asociado popularmente con bananas y travesuras.",Monkey,"Agile, intelligent primate popularly associated with bananas and mischief."
animals.caballo,animals,word.animals.caballo.name,word.animals.caballo.description,Caballo,"Mamífero domesticado utilizado históricamente para montar, transportar y trabajar.",Horse,"Domesticated mammal historically used for riding, transport, and work."
animals.vaca,animals,word.animals.vaca.name,word.animals.vaca.description,Vaca,"Mamífero de granja criado principalmente por su leche, carne y cuero.",Cow,"Farm mammal raised mainly for milk, meat, and leather."
animals.cerdo,animals,word.animals.cerdo.name,word.animals.cerdo.description,Cerdo,"Mamífero de granja inteligente, de hocico ancho y fama injusta de ser sucio.",Pig,Intelligent farm mammal with a broad snout and an unfair reputation for being dirty.
animals.gallina,animals,word.animals.gallina.name,word.animals.gallina.description,Gallina,Ave doméstica criada principalmente por sus huevos y su carne.,Chicken,Domestic bird raised mainly for eggs and meat.
animals.pato,animals,word.animals.pato.name,word.animals.pato.description,Pato,Ave acuática de pico ancho cuyo sonido suele representarse como “cuac”.,Duck,Broad-billed water bird whose call is commonly written as “quack.”
animals.conejo,animals,word.animals.conejo.name,word.animals.conejo.description,Conejo,"Mamífero pequeño de orejas largas, patas traseras fuertes y reproducción legendaria.",Rabbit,"Small mammal with long ears, powerful hind legs, and a legendary breeding rate."
animals.oso,animals,word.animals.oso.name,word.animals.oso.description,Oso,Mamífero grande y fuerte que habita distintos bosques y aparece demasiado cerca de la miel en los cuentos.,Bear,"Large, powerful mammal found in many forests and suspiciously close to honey in stories."
animals.lobo,animals,word.animals.lobo.name,word.animals.lobo.description,Lobo,Cánido salvaje social que vive y caza en manadas.,Wolf,Social wild canine that lives and hunts in packs.
animals.zorro,animals,word.animals.zorro.name,word.animals.zorro.description,Zorro,"Mamífero de hocico fino y cola tupida, famoso en historias por su astucia.",Fox,"Sharp-snouted mammal with a bushy tail, famous in stories for being sly."
animals.delfin,animals,word.animals.delfin.name,word.animals.delfin.description,Delfín,Mamífero marino inteligente y social conocido por sus saltos y comunicación compleja.,Dolphin,"Intelligent, social marine mammal known for leaping and complex communication."
animals.tiburon,animals,word.animals.tiburon.name,word.animals.tiburon.description,Tiburón,Pez depredador de esqueleto cartilaginoso y varias filas de dientes reemplazables.,Shark,Predatory fish with a cartilage skeleton and several rows of replaceable teeth.
animals.pinguino,animals,word.animals.pinguino.name,word.animals.pinguino.description,Pingüino,Ave marina no voladora adaptada al frío y excelente nadadora.,Penguin,Flightless seabird adapted to cold environments and built for swimming.
animals.cocodrilo,animals,word.animals.cocodrilo.name,word.animals.cocodrilo.description,Cocodrilo,Gran reptil semiacuático de hocico largo y mandíbula extremadamente poderosa.,Crocodile,Large semiaquatic reptile with a long snout and an extremely powerful bite.
movies.titanic,movies,word.movies.titanic.name,word.movies.titanic.description,Titanic,Película dramática y romántica sobre el famoso naufragio del transatlántico.,Titanic,Romantic drama set aboard the famous ocean liner during its disastrous maiden voyage.
movies.avatar,movies,word.movies.avatar.name,word.movies.avatar.description,Avatar,"Película de ciencia ficción ambientada en Pandora, un mundo habitado por los Na'vi.",Avatar,"Science-fiction film set on Pandora, a world inhabited by the Na’vi."
movies.toy_story,movies,word.movies.toy_story.name,word.movies.toy_story.description,Toy Story,Película animada sobre juguetes que cobran vida cuando los humanos no los ven.,Toy Story,Animated film about toys that come alive whenever humans are not watching.
movies.shrek,movies,word.movies.shrek.name,word.movies.shrek.description,Shrek,Película animada que parodia los cuentos de hadas con humor irreverente.,Shrek,Animated fairy-tale parody starring a grumpy ogre and loaded with irreverent humor.
movies.frozen_una_aventura_congelada,movies,word.movies.frozen_una_aventura_congelada.name,word.movies.frozen_una_aventura_congelada.description,Frozen: Una aventura congelada,"Película animada de Disney sobre dos hermanas, magia de hielo y aceptación personal.",Frozen,"Disney animated film about two sisters, ice magic, and learning to accept yourself."
movies.harry_potter,movies,word.movies.harry_potter.name,word.movies.harry_potter.description,Harry Potter,Saga de fantasía sobre un joven mago y su lucha contra fuerzas oscuras.,Harry Potter,Fantasy film series about a young wizard confronting dark forces at a magical school.
movies.el_senor_de_los_anillos,movies,word.movies.el_senor_de_los_anillos.name,word.movies.el_senor_de_los_anillos.description,El Señor de los Anillos,Saga fantástica sobre una misión para destruir un anillo poderoso.,The Lord of the Rings,Epic fantasy trilogy about a quest to destroy a ring of devastating power.
movies.star_wars,movies,word.movies.star_wars.name,word.movies.star_wars.description,Star Wars,Saga de ciencia ficción y aventura sobre conflictos galácticos y el poder de la Fuerza.,Star Wars,"Science-fantasy saga about galactic wars, unlikely heroes, and the power of the Force."
movies.jurassic_park,movies,word.movies.jurassic_park.name,word.movies.jurassic_park.description,Jurassic Park,Película de aventura y ciencia ficción sobre dinosaurios recreados genéticamente.,Jurassic Park,Adventure film about genetically recreated dinosaurs escaping inside a theme park.
movies.avengers,movies,word.movies.avengers.name,word.movies.avengers.description,Avengers,Saga de superhéroes donde varios personajes se unen para enfrentar amenazas globales o cósmicas.,Avengers,Superhero saga where larger-than-life characters unite against global and cosmic threats.
movies.coco,movies,word.movies.coco.name,word.movies.coco.description,Coco,"Película animada sobre familia, música y la tradición mexicana del Día de Muertos.",Coco,"Animated film about family, music, memory, and Mexico’s Day of the Dead tradition."
movies.buscando_a_nemo,movies,word.movies.buscando_a_nemo.name,word.movies.buscando_a_nemo.description,Buscando a Nemo,Película animada sobre un pez payaso que busca a su hijo en el océano.,Finding Nemo,Animated adventure about a clownfish crossing the ocean to find his missing son.
movies.rapidos_y_furiosos,movies,word.movies.rapidos_y_furiosos.name,word.movies.rapidos_y_furiosos.description,Rápidos y Furiosos,"Saga de acción centrada en carreras, autos, robos y familia.",Fast & Furious,"Action franchise built on street racing, impossible stunts, heists, and a lot of family."
movies.matrix,movies,word.movies.matrix.name,word.movies.matrix.description,Matrix,Película de ciencia ficción sobre una realidad simulada y la rebelión contra máquinas.,The Matrix,Science-fiction film about a simulated reality and a rebellion against the machines controlling it.
movies.el_rey_leon,movies,word.movies.el_rey_leon.name,word.movies.el_rey_leon.description,El Rey León,Película animada sobre un león joven que debe aceptar su lugar como rey.,The Lion King,Animated film about a young lion learning to accept his place as king.
movies.intensa_mente,movies,word.movies.intensa_mente.name,word.movies.intensa_mente.description,Intensa-Mente,Película animada que representa las emociones dentro de la mente de una niña.,Inside Out,Animated film that turns the emotions inside a young girl’s mind into characters.
movies.y_donde_estan_las_rubias,movies,word.movies.y_donde_estan_las_rubias.name,word.movies.y_donde_estan_las_rubias.description,¿Y dónde están las rubias?,Comedia en la que dos agentes del FBI se hacen pasar por dos jóvenes millonarias.,White Chicks,Comedy in which two FBI agents disguise themselves as wealthy white socialites.
movies.cincuenta_sombras_de_grey,movies,word.movies.cincuenta_sombras_de_grey.name,word.movies.cincuenta_sombras_de_grey.description,Cincuenta sombras de Grey,Película romántica centrada en la relación de un empresario misterioso con gustos poco convencionales.,Fifty Shades of Grey,Erotic romance about a mysterious businessman with control issues and unconventional tastes.
movies.barbie,movies,word.movies.barbie.name,word.movies.barbie.description,Barbie,Película que mezcla comedia y crítica social a partir del universo de la famosa muñeca.,Barbie,Comedy and social satire built around the world of the iconic fashion doll.
brands.nike,brands,word.brands.nike.name,word.brands.nike.description,Nike,"Marca global de indumentaria, calzado y artículos deportivos.",Nike,"Global brand of athletic footwear, clothing, and sports equipment."
brands.adidas,brands,word.brands.adidas.name,word.brands.adidas.description,Adidas,"Marca alemana de ropa, calzado y equipamiento deportivo.",Adidas,"German brand of sportswear, footwear, and equipment recognized by its three stripes."
brands.apple,brands,word.brands.apple.name,word.brands.apple.description,Apple,"Empresa tecnológica conocida por sus dispositivos, software y diseño integrado.",Apple,"Technology company known for tightly integrated devices, software, and minimalist design."
brands.samsung,brands,word.brands.samsung.name,word.brands.samsung.description,Samsung,"Empresa surcoreana que fabrica celulares, televisores, electrodomésticos y tecnología.",Samsung,"South Korean company producing phones, TVs, appliances, and consumer technology."
brands.coca_cola,brands,word.brands.coca_cola.name,word.brands.coca_cola.description,Coca-Cola,Marca de bebida gaseosa reconocida mundialmente por su identidad roja y sabor característico.,Coca-Cola,Soft-drink brand recognized worldwide by its red identity and signature cola.
brands.pepsi,brands,word.brands.pepsi.name,word.brands.pepsi.description,Pepsi,Marca de bebida gaseosa cola y competidora histórica de Coca-Cola.,Pepsi,Cola brand and Coca-Cola’s historic blue-labeled rival.
brands.mcdonald_s,brands,word.brands.mcdonald_s.name,word.brands.mcdonald_s.description,McDonald's,Cadena internacional de comida rápida famosa por hamburguesas y papas fritas.,McDonald's,"Global fast-food chain famous for burgers, fries, and the Happy Meal."
brands.burger_king,brands,word.brands.burger_king.name,word.brands.burger_king.description,Burger King,Cadena internacional de comida rápida conocida por sus hamburguesas a la parrilla.,Burger King,International fast-food chain known for flame-grilled burgers and its crown logo.
brands.netflix,brands,word.brands.netflix.name,word.brands.netflix.description,Netflix,"Plataforma de streaming de películas, series y documentales.",Netflix,"Streaming platform for films, series, documentaries, and original productions."
brands.disney,brands,word.brands.disney.name,word.brands.disney.description,Disney,"Compañía de entretenimiento conocida por animación, parques, películas y personajes icónicos.",Disney,"Entertainment company known for animation, theme parks, films, and iconic characters."
brands.google,brands,word.brands.google.name,word.brands.google.description,Google,"Empresa tecnológica conocida por su buscador, servicios digitales y productos de software.",Google,"Technology company known for search, digital services, advertising, and software products."
brands.microsoft,brands,word.brands.microsoft.name,word.brands.microsoft.description,Microsoft,"Empresa tecnológica conocida por Windows, Office, Xbox y servicios en la nube.",Microsoft,"Technology company behind Windows, Office, Xbox, and major cloud services."
brands.amazon,brands,word.brands.amazon.name,word.brands.amazon.description,Amazon,"Empresa de comercio electrónico, servicios en la nube y entretenimiento digital.",Amazon,"Company spanning online retail, cloud computing, logistics, and digital entertainment."
brands.playstation,brands,word.brands.playstation.name,word.brands.playstation.description,PlayStation,Marca de consolas y videojuegos desarrollada por Sony.,PlayStation,"Sony’s family of video-game consoles, services, and exclusive franchises."
brands.xbox,brands,word.brands.xbox.name,word.brands.xbox.description,Xbox,"Marca de consolas, videojuegos y servicios creada por Microsoft.",Xbox,"Microsoft’s brand of consoles, games, and subscription services."
brands.nintendo,brands,word.brands.nintendo.name,word.brands.nintendo.description,Nintendo,Empresa japonesa de videojuegos conocida por sus consolas y personajes icónicos.,Nintendo,Japanese video-game company known for inventive hardware and iconic characters.
brands.puma,brands,word.brands.puma.name,word.brands.puma.description,Puma,"Marca alemana de indumentaria, calzado y accesorios deportivos.",Puma,"German brand of athletic clothing, footwear, and accessories."
brands.gucci,brands,word.brands.gucci.name,word.brands.gucci.description,Gucci,"Marca italiana de moda de lujo conocida por ropa, accesorios y diseño distintivo.",Gucci,"Italian luxury-fashion house known for bold clothing, accessories, and distinctive design."
brands.zara,brands,word.brands.zara.name,word.brands.zara.description,Zara,Marca española de indumentaria conocida por moda rápida y presencia internacional.,Zara,Spanish clothing brand known for fast fashion and a huge international presence.
brands.mercado_libre,brands,word.brands.mercado_libre.name,word.brands.mercado_libre.description,Mercado Libre,Plataforma latinoamericana de comercio electrónico y pagos digitales.,Mercado Libre,"Latin American platform for e-commerce, digital payments, and shipping."
professions.medico,professions,word.professions.medico.name,word.professions.medico.description,Médico,"Profesional de la salud que diagnostica, trata y ayuda a prevenir enfermedades.",Doctor,"Healthcare professional who diagnoses, treats, and helps prevent illness."
professions.abogado,professions,word.professions.abogado.name,word.professions.abogado.description,Abogado,"Profesional del derecho que asesora, representa y defiende intereses legales.",Lawyer,Legal professional who advises clients and represents their interests.
professions.profesor,professions,word.professions.profesor.name,word.professions.profesor.description,Profesor,Profesional que enseña conocimientos y acompaña procesos de aprendizaje.,Teacher,Professional who teaches knowledge and guides learning.
professions.programador,professions,word.professions.programador.name,word.professions.programador.description,Programador,"Profesional que diseña, escribe y mantiene código para crear software.",Programmer,"Professional who designs, writes, and maintains code to build software."
professions.disenador,professions,word.professions.disenador.name,word.professions.disenador.description,Diseñador,Profesional que crea soluciones visuales o funcionales combinando creatividad y objetivos concretos.,Designer,Professional who creates visual or functional solutions by combining creativity with practical goals.
professions.arquitecto,professions,word.professions.arquitecto.name,word.professions.arquitecto.description,Arquitecto,"Profesional que proyecta edificios y espacios considerando uso, estructura y estética.",Architect,"Professional who plans buildings and spaces around function, structure, and aesthetics."
professions.ingeniero,professions,word.professions.ingeniero.name,word.professions.ingeniero.description,Ingeniero,Profesional que aplica ciencia y matemática para resolver problemas técnicos.,Engineer,Professional who applies science and mathematics to solve technical problems.
professions.cocinero,professions,word.professions.cocinero.name,word.professions.cocinero.description,Cocinero,Profesional que prepara alimentos y organiza el trabajo dentro de una cocina.,Cook,Professional who prepares food and organizes work in a kitchen.
professions.policia,professions,word.professions.policia.name,word.professions.policia.description,Policía,Agente encargado de hacer cumplir la ley y proteger a la comunidad.,Police officer,Officer responsible for enforcing laws and protecting the community.
professions.bombero,professions,word.professions.bombero.name,word.professions.bombero.description,Bombero,Profesional de emergencias entrenado para combatir incendios y realizar rescates.,Firefighter,Emergency professional trained to fight fires and perform rescues.
professions.veterinario,professions,word.professions.veterinario.name,word.professions.veterinario.description,Veterinario,Profesional de la salud especializado en animales.,Veterinarian,Healthcare professional specializing in animals.
professions.psicologo,professions,word.professions.psicologo.name,word.professions.psicologo.description,Psicólogo,Profesional que estudia la conducta y acompaña procesos de salud mental.,Psychologist,Professional who studies behavior and supports mental health.
professions.contador,professions,word.professions.contador.name,word.professions.contador.description,Contador,"Profesional que registra, analiza y organiza información financiera e impositiva.",Accountant,"Professional who records, analyzes, and organizes financial and tax information."
professions.periodista,professions,word.professions.periodista.name,word.professions.periodista.description,Periodista,"Profesional que investiga, verifica y comunica hechos de interés público.",Journalist,"Professional who investigates, verifies, and reports information of public interest."
professions.actor,professions,word.professions.actor.name,word.professions.actor.description,Actor,"Intérprete que representa personajes en teatro, cine, televisión u otros medios.",Actor,"Performer who portrays characters on stage, film, television, or other media."
professions.cantante,professions,word.professions.cantante.name,word.professions.cantante.description,Cantante,Artista que utiliza la voz como instrumento principal para interpretar música.,Singer,Artist who uses the voice as the main instrument in musical performance.
professions.electricista,professions,word.professions.electricista.name,word.professions.electricista.description,Electricista,"Técnico que instala, mantiene y repara sistemas y equipos eléctricos.",Electrician,"Technician who installs, maintains, and repairs electrical systems and equipment."
professions.plomero,professions,word.professions.plomero.name,word.professions.plomero.description,Plomero,"Técnico que instala y repara cañerías, desagües y sistemas de agua.",Plumber,"Tradesperson who installs and repairs pipes, drains, and water systems."
professions.carpintero,professions,word.professions.carpintero.name,word.professions.carpintero.description,Carpintero,Artesano que construye y repara objetos y estructuras de madera.,Carpenter,Craftsperson who builds and repairs wooden objects and structures.
professions.peluquero,professions,word.professions.peluquero.name,word.professions.peluquero.description,Peluquero,"Profesional que corta, peina y trata el cabello.",Hairdresser,"Professional who cuts, styles, and treats hair."
superheroes.spider_man,superheroes,word.superheroes.spider_man.name,word.superheroes.spider_man.description,Spider-Man,"Es un superhéroe de Marvel con poderes arácnidos, agilidad y sentido de peligro.",Spider-Man,"Marvel hero with spider-like powers, extreme agility, and a danger-sensing spider-sense."
superheroes.batman,superheroes,word.superheroes.batman.name,word.superheroes.batman.description,Batman,"Es un héroe de DC que combate el crimen usando entrenamiento, tecnología e inteligencia.",Batman,"DC hero who fights crime with training, technology, detective work, and terrifying commitment issues."
superheroes.superman,superheroes,word.superheroes.superman.name,word.superheroes.superman.description,Superman,"Es un superhéroe de DC con fuerza, vuelo y poderes derivados del sol amarillo.",Superman,"DC hero whose yellow-sun-powered abilities include flight, strength, and heat vision."
superheroes.mujer_maravilla,superheroes,word.superheroes.mujer_maravilla.name,word.superheroes.mujer_maravilla.description,Mujer Maravilla,"Es una heroína de DC, princesa amazona y guerrera con habilidades sobrehumanas.",Wonder Woman,"DC hero, Amazon princess, and warrior with superhuman abilities and a magic lasso."
superheroes.iron_man,superheroes,word.superheroes.iron_man.name,word.superheroes.iron_man.description,Iron Man,Es un héroe de Marvel que usa armaduras tecnológicas creadas por Tony Stark.,Iron Man,"Marvel hero Tony Stark, who fights inside advanced armor of his own design."
superheroes.capitan_america,superheroes,word.superheroes.capitan_america.name,word.superheroes.capitan_america.description,Capitán América,"Es un héroe de Marvel, símbolo de justicia y resultado de un experimento militar.",Captain America,Marvel hero and symbol of justice created by a military super-soldier experiment.
superheroes.thor,superheroes,word.superheroes.thor.name,word.superheroes.thor.description,Thor,"Es un héroe de Marvel inspirado en la mitología nórdica, asociado al trueno y a un arma mágica.",Thor,Marvel hero inspired by Norse mythology and associated with thunder and a magical weapon.
superheroes.hulk,superheroes,word.superheroes.hulk.name,word.superheroes.hulk.description,Hulk,Es un héroe de Marvel que se transforma en una criatura enorme y fuerte cuando se enfurece.,Hulk,Marvel hero who becomes a gigantic green powerhouse when anger takes over.
superheroes.viuda_negra,superheroes,word.superheroes.viuda_negra.name,word.superheroes.viuda_negra.description,Viuda Negra,"Es una heroína de Marvel experta en espionaje, combate y operaciones encubiertas.",Black Widow,"Marvel hero and elite spy trained in combat, infiltration, and covert operations."
superheroes.doctor_strange,superheroes,word.superheroes.doctor_strange.name,word.superheroes.doctor_strange.description,Doctor Strange,Es un héroe de Marvel que utiliza artes místicas para proteger la realidad.,Doctor Strange,Marvel sorcerer who uses the mystic arts to protect reality itself.
superheroes.pantera_negra,superheroes,word.superheroes.pantera_negra.name,word.superheroes.pantera_negra.description,Pantera Negra,"Es un héroe de Marvel, rey de Wakanda y portador de un traje de vibranium.",Black Panther,"Marvel hero, king of Wakanda, and wearer of a vibranium-powered suit."
superheroes.flash,superheroes,word.superheroes.flash.name,word.superheroes.flash.description,Flash,Es un héroe de DC con supervelocidad y conexión con la Speed Force.,The Flash,DC hero connected to the Speed Force and capable of impossible super-speed.
superheroes.aquaman,superheroes,word.superheroes.aquaman.name,word.superheroes.aquaman.description,Aquaman,"Es un héroe de DC, gobernante de Atlantis y capaz de comunicarse con vida marina.",Aquaman,"DC hero, ruler of Atlantis, and defender of the oceans with a very large trident."
superheroes.wolverine,superheroes,word.superheroes.wolverine.name,word.superheroes.wolverine.description,Wolverine,"Es un héroe de Marvel con regeneración, sentidos agudos y garras de adamantium.",Wolverine,"Marvel hero with rapid healing, heightened senses, and adamantium claws."
superheroes.deadpool,superheroes,word.superheroes.deadpool.name,word.superheroes.deadpool.description,Deadpool,"Es un antihéroe de Marvel conocido por su humor, regeneración y conciencia de estar en una ficción.",Deadpool,"Marvel antihero famous for regeneration, sarcasm, and knowing he is inside a story."
superheroes.ant_man,superheroes,word.superheroes.ant_man.name,word.superheroes.ant_man.description,Ant-Man,Es un héroe de Marvel que puede reducir o aumentar su tamaño usando tecnología especial.,Ant-Man,"Marvel hero who uses advanced technology to shrink, grow, and command ants."
superheroes.capitana_marvel,superheroes,word.superheroes.capitana_marvel.name,word.superheroes.capitana_marvel.description,Capitana Marvel,"Es una heroína de Marvel con fuerza, vuelo y poderes de energía cósmica.",Captain Marvel,"Marvel hero with flight, immense strength, and cosmic-energy powers."
superheroes.linterna_verde,superheroes,word.superheroes.linterna_verde.name,word.superheroes.linterna_verde.description,Linterna Verde,Es un héroe de DC que crea construcciones de energía usando un anillo de poder.,Green Lantern,DC hero who creates energy constructs through willpower and a power ring.
superheroes.daredevil,superheroes,word.superheroes.daredevil.name,word.superheroes.daredevil.description,Daredevil,Es un héroe de Marvel con sentidos aumentados que combate el crimen en Hell's Kitchen.,Daredevil,Marvel hero whose heightened senses help him fight crime in Hell’s Kitchen.
superheroes.venom,superheroes,word.superheroes.venom.name,word.superheroes.venom.description,Venom,Es un personaje de Marvel formado por la unión de un huésped humano y un simbionte alienígena.,Venom,Marvel character formed when an alien symbiote bonds with a human host.
hot.kamasutra,hot,word.hot.kamasutra.name,word.hot.kamasutra.description,Kamasutra,Antiguo texto indio popularmente asociado con una colección casi atlética de posiciones sexuales.,Kama Sutra,Ancient Indian text popularly associated with a nearly athletic catalog of sex positions.
hot.dildo,hot,word.hot.dildo.name,word.hot.dildo.description,Dildo,Juguete sexual de forma fálica diseñado para la penetración; el tamaño ya es problema de quien lo compra.,Dildo,Phallic sex toy designed for penetration; size is between the buyer and their ambitions.
hot.vibrador,hot,word.hot.vibrador.name,word.hot.vibrador.description,Vibrador,Juguete sexual motorizado que produce vibraciones para estimular zonas erógenas.,Vibrator,Motorized sex toy that vibrates to stimulate erogenous zones.
hot.muneca_inflable,hot,word.hot.muneca_inflable.name,word.hot.muneca_inflable.description,Muñeca inflable,Muñeco de tamaño humano vendido como compañero sexual; romance con válvula de aire.,Blow-up doll,Human-sized inflatable sex doll: romance with an air valve.
hot.porno,hot,word.hot.porno.name,word.hot.porno.description,Porno,Contenido sexual explícito creado para excitar; todos conocen el concepto y nadie quiere explicar su historial.,Porn,Explicit sexual content made to arouse; everyone knows it and nobody wants to explain their browser history.
hot.vagina,hot,word.hot.vagina.name,word.hot.vagina.description,Vagina,Canal muscular del aparato reproductor femenino y palabra capaz de incomodar una mesa entera.,Vagina,Muscular canal in the female reproductive system and a word still capable of derailing a whole dinner table.
hot.pene,hot,word.hot.pene.name,word.hot.pene.description,Pene,Órgano sexual externo masculino; fuente inagotable de mediciones dudosas y chistes básicos.,Penis,External male sex organ and an endless source of suspicious measurements and juvenile jokes.
hot.ano,hot,word.hot.ano.name,word.hot.ano.description,Ano,"Abertura final del aparato digestivo y, para algunas personas, una zona de placer.",Anus,"The digestive tract’s final opening and, for some people, a source of pleasure."
hot.nude,hot,word.hot.nude.name,word.hot.nude.description,Nude,Foto íntima con desnudez que suele enviarse por mensaje y a veces termina donde no debía.,Nude,Intimate nude photo usually sent by message and occasionally ending up somewhere it absolutely should not.
hot.tetas,hot,word.hot.tetas.name,word.hot.tetas.description,Tetas,"Forma vulgar y directa de referirse a los senos; anatómicamente normales, socialmente sobreactuados.",Tits,"Blunt slang for breasts: anatomically ordinary, socially overhyped."
hot.orgia,hot,word.hot.orgia.name,word.hot.orgia.description,Orgía,Encuentro sexual grupal donde la logística puede ser más complicada que el deseo.,Orgy,Group-sex gathering where logistics can become more complicated than desire.
hot.chupon,hot,word.hot.chupon.name,word.hot.chupon.description,Chupón,Marca rojiza o violácea que queda en la piel después de una succión intensa.,Hickey,Red or purple mark left on the skin after intense sucking.
dark_humor.epstein,dark_humor,word.dark_humor.epstein.name,word.dark_humor.epstein.description,Epstein,"Financista estadounidense convertido en símbolo de abuso, tráfico sexual y conexiones con gente poderosa.",Epstein,"American financier who became a symbol of abuse, sex trafficking, and ties to powerful people."
dark_humor.judios,dark_humor,word.dark_humor.judios.name,word.dark_humor.judios.description,Judíos,Personas que forman parte del pueblo o la religión judía; meterlas en una categoría funable ya es parte del chiste incómodo.,Jewish people,People belonging to the Jewish people or faith; putting them in a cancel-me category is itself the uncomfortable joke.
dark_humor.pedofilia,dark_humor,word.dark_humor.pedofilia.name,word.dark_humor.pedofilia.description,Pedofilia,"Atracción sexual de un adulto hacia menores; es abuso, delito y no tiene remate gracioso.",Pedophilia,"Adult sexual attraction toward children; it is abuse, a crime, and not a punchline."
dark_humor.zoofilia,dark_humor,word.dark_humor.zoofilia.name,word.dark_humor.zoofilia.description,Zoofilia,"Actividad o atracción sexual que involucra animales, incapaces de dar consentimiento.",Bestiality,"Sexual activity or attraction involving animals, who cannot consent."
dark_humor.necrofilia,dark_humor,word.dark_humor.necrofilia.name,word.dark_humor.necrofilia.description,Necrofilia,"Atracción o actividad sexual con cadáveres; delito, tabú extremo y boleto directo a la morgue.",Necrophilia,"Sexual attraction to or activity involving corpses: criminal, deeply taboo, and straight-to-the-morgue territory."
